filename,label
color_20181011-094213.jpg,7up,0
color_20181011-094202.jpg,7up,0
color_20181011-093922.jpg,7up,0
color_20181011-093946.jpg,7up,0
color_20181011-094140.jpg,7up,0
color_20181011-094210.jpg,7up,0
color_20181011-094146.jpg,7up,0
color_20181011-094227.jpg,7up,0
color_20181011-094105.jpg,7up,0
color_20181011-094059.jpg,7up,0
color_20181011-093900.jpg,7up,0
color_20181011-094012.jpg,7up,0
color_20181011-094207.jpg,7up,0
color_20181011-094154.jpg,7up,0
color_20181011-094028.jpg,7up,0
color_20181011-093910.jpg,7up,0
color_20181011-093931.jpg,7up,0
color_20181011-094102.jpg,7up,0
color_20181011-094057.jpg,7up,0
color_20181011-093913.jpg,7up,0
color_20181011-093957.jpg,7up,0
color_20181011-093919.jpg,7up,0
color_20181011-094042.jpg,7up,0
color_20181011-094054.jpg,7up,0
color_20181011-094205.jpg,7up,0
color_20181011-093904.jpg,7up,0
color_20181011-094052.jpg,7up,0
color_20181011-093916.jpg,7up,0
color_20181011-094107.jpg,7up,0
color_20181011-093853.jpg,7up,0
color_20181011-094037.jpg,7up,0
color_20181011-094112.jpg,7up,0
color_20181011-094149.jpg,7up,0
color_20181011-093927.jpg,7up,0
color_20181011-093942.jpg,7up,0
color_20181011-094018.jpg,7up,0
color_20181011-094224.jpg,7up,0
color_20181011-094047.jpg,7up,0
color_20181011-094003.jpg,7up,0
color_20181011-094109.jpg,7up,0
color_20181011-094143.jpg,7up,0
color_20181011-094221.jpg,7up,0
color_20181011-093907.jpg,7up,0
color_20181011-094045.jpg,7up,0
color_20181011-093935.jpg,7up,0
color_20181011-094000.jpg,7up,0
color_20181011-094151.jpg,7up,0
color_20181011-094015.jpg,7up,0
color_20181011-094006.jpg,7up,0
color_20181011-094029.jpg,7up,0
color_20181011-093953.jpg,7up,0
color_20181011-094009.jpg,7up,0
color_20181011-094137.jpg,7up,0
color_20181011-094049.jpg,7up,0
color_20181011-094229.jpg,7up,0
color_20181011-094200.jpg,7up,0
color_20181011-093939.jpg,7up,0
color_20181011-094157.jpg,7up,0
color_20181011-093950.jpg,7up,0
color_20181011-093857.jpg,7up,0
color_20181011-094033.jpg,7up,0
color_20181010-073012.jpg,aquafina,1
color_20181010-073131.jpg,aquafina,1
color_20181010-073144.jpg,aquafina,1
color_20181010-073317.jpg,aquafina,1
color_20181010-073949.jpg,aquafina,1
color_20181010-073812.jpg,aquafina,1
color_20181010-073309.jpg,aquafina,1
color_20181010-073225.jpg,aquafina,1
color_20181010-072629.jpg,aquafina,1
color_20181010-074007.jpg,aquafina,1
color_20181010-074040.jpg,aquafina,1
color_20181010-073409.jpg,aquafina,1
color_20181010-073039.jpg,aquafina,1
color_20181010-073802.jpg,aquafina,1
color_20181010-073037.jpg,aquafina,1
color_20181010-073141.jpg,aquafina,1
color_20181010-072635.jpg,aquafina,1
color_20181010-073026.jpg,aquafina,1
color_20181010-073911.jpg,aquafina,1
color_20181010-072550.jpg,aquafina,1
color_20181010-073156.jpg,aquafina,1
color_20181010-073046.jpg,aquafina,1
color_20181010-074016.jpg,aquafina,1
color_20181010-073142.jpg,aquafina,1
color_20181010-073821.jpg,aquafina,1
color_20181010-074014.jpg,aquafina,1
color_20181010-073032.jpg,aquafina,1
color_20181010-073041.jpg,aquafina,1
color_20181010-073236.jpg,aquafina,1
color_20181010-073941.jpg,aquafina,1
color_20181010-072620.jpg,aquafina,1
color_20181010-073134.jpg,aquafina,1
color_20181010-073015.jpg,aquafina,1
color_20181010-073214.jpg,aquafina,1
color_20181010-073425.jpg,aquafina,1
color_20181010-072903.jpg,aquafina,1
color_20181010-072847.jpg,aquafina,1
color_20181010-073909.jpg,aquafina,1
color_20181010-073830.jpg,aquafina,1
color_20181010-072632.jpg,aquafina,1
color_20181010-073255.jpg,aquafina,1
color_20181010-073938.jpg,aquafina,1
color_20181010-073749.jpg,aquafina,1
color_20181010-073034.jpg,aquafina,1
color_20181010-073314.jpg,aquafina,1
color_20181010-073836.jpg,aquafina,1
color_20181010-073035.jpg,aquafina,1
color_20181010-073145.jpg,aquafina,1
color_20181010-073223.jpg,aquafina,1
color_20181010-074011.jpg,aquafina,1
color_20181010-073534.jpg,aquafina,1
color_20181010-073413.jpg,aquafina,1
color_20181010-072607.jpg,aquafina,1
color_20181010-073235.jpg,aquafina,1
color_20181010-072927.jpg,aquafina,1
color_20181010-074002.jpg,aquafina,1
color_20181010-073952.jpg,aquafina,1
color_20181010-073217.jpg,aquafina,1
color_20181010-073137.jpg,aquafina,1
color_20181010-072908.jpg,aquafina,1
color_20181010-073330.jpg,aquafina,1
color_20181010-073430.jpg,aquafina,1
color_20181010-074010.jpg,aquafina,1
color_20181010-073229.jpg,aquafina,1
color_20181010-073541.jpg,aquafina,1
color_20181010-072920.jpg,aquafina,1
color_20181010-072843.jpg,aquafina,1
color_20181010-073325.jpg,aquafina,1
color_20181010-073945.jpg,aquafina,1
color_20181010-072626.jpg,aquafina,1
color_20181010-073503.jpg,aquafina,1
color_20181010-073807.jpg,aquafina,1
color_20181010-073818.jpg,aquafina,1
color_20181010-073901.jpg,aquafina,1
color_20181010-073221.jpg,aquafina,1
color_20181010-073934.jpg,aquafina,1
color_20181010-073524.jpg,aquafina,1
color_20181010-073905.jpg,aquafina,1
color_20181010-073143.jpg,aquafina,1
color_20181010-072952.jpg,aquafina,1
color_20181010-072610.jpg,aquafina,1
color_20181010-072924.jpg,aquafina,1
color_20181010-073432.jpg,aquafina,1
color_20181010-073024.jpg,aquafina,1
color_20181010-073857.jpg,aquafina,1
color_20181010-072917.jpg,aquafina,1
color_20181010-073021.jpg,aquafina,1
color_20181010-073159.jpg,aquafina,1
color_20181010-072638.jpg,aquafina,1
color_20181010-073201.jpg,aquafina,1
color_20181010-072911.jpg,aquafina,1
color_20181010-072616.jpg,aquafina,1
color_20181010-073353.jpg,aquafina,1
color_20181010-073914.jpg,aquafina,1
color_20181010-073411.jpg,aquafina,1
color_20181010-073047.jpg,aquafina,1
color_20181010-160012.jpg,cafe,2
color_20181010-155705.jpg,cafe,2
color_20181010-155644.jpg,cafe,2
color_20181010-155702.jpg,cafe,2
color_20181010-155749.jpg,cafe,2
color_20181010-155740.jpg,cafe,2
color_20181010-155653.jpg,cafe,2
color_20181010-155752.jpg,cafe,2
color_20181010-155549.jpg,cafe,2
color_20181010-155913.jpg,cafe,2
color_20181010-155859.jpg,cafe,2
color_20181010-155746.jpg,cafe,2
color_20181010-155613.jpg,cafe,2
color_20181010-155834.jpg,cafe,2
color_20181010-155919.jpg,cafe,2
color_20181010-155926.jpg,cafe,2
color_20181010-155847.jpg,cafe,2
color_20181010-155932.jpg,cafe,2
color_20181010-155708.jpg,cafe,2
color_20181010-155759.jpg,cafe,2
color_20181010-155944.jpg,cafe,2
color_20181010-160025.jpg,cafe,2
color_20181010-155650.jpg,cafe,2
color_20181010-155604.jpg,cafe,2
color_20181010-155850.jpg,cafe,2
color_20181010-160027.jpg,cafe,2
color_20181010-155841.jpg,cafe,2
color_20181010-155610.jpg,cafe,2
color_20181010-155731.jpg,cafe,2
color_20181010-155734.jpg,cafe,2
color_20181010-155802.jpg,cafe,2
color_20181010-155743.jpg,cafe,2
color_20181010-160030.jpg,cafe,2
color_20181010-155916.jpg,cafe,2
color_20181010-155539.jpg,cafe,2
color_20181010-160018.jpg,cafe,2
color_20181010-155910.jpg,cafe,2
color_20181010-155659.jpg,cafe,2
color_20181010-155935.jpg,cafe,2
color_20181010-155552.jpg,cafe,2
color_20181010-155902.jpg,cafe,2
color_20181010-155638.jpg,cafe,2
color_20181010-155837.jpg,cafe,2
color_20181010-155558.jpg,cafe,2
color_20181010-160009.jpg,cafe,2
color_20181010-155831.jpg,cafe,2
color_20181010-155641.jpg,cafe,2
color_20181010-160005.jpg,cafe,2
color_20181010-155941.jpg,cafe,2
color_20181010-160022.jpg,cafe,2
color_20181010-155647.jpg,cafe,2
color_20181010-155546.jpg,cafe,2
color_20181010-160015.jpg,cafe,2
color_20181010-155728.jpg,cafe,2
color_20181010-155555.jpg,cafe,2
color_20181010-155929.jpg,cafe,2
color_20181010-155856.jpg,cafe,2
color_20181010-155844.jpg,cafe,2
color_20181010-155938.jpg,cafe,2
color_20181010-155828.jpg,cafe,2
color_20181010-155607.jpg,cafe,2
color_20181010-155535.jpg,cafe,2
color_20181010-155656.jpg,cafe,2
color_20181010-155756.jpg,cafe,2
color_20181010-155737.jpg,cafe,2
color_20181010-155542.jpg,cafe,2
color_20181010-155923.jpg,cafe,2
color_20181010-155601.jpg,cafe,2
color_20181010-155853.jpg,cafe,2
color_20181010-155635.jpg,cafe,2
color_20181011-091853.jpg,chanh,3
color_20181011-091845.jpg,chanh,3
color_20181011-091826.jpg,chanh,3
color_20181011-092006.jpg,chanh,3
color_20181011-092152.jpg,chanh,3
color_20181011-091921.jpg,chanh,3
color_20181011-091812.jpg,chanh,3
color_20181011-092135.jpg,chanh,3
color_20181011-091816.jpg,chanh,3
color_20181011-092130.jpg,chanh,3
color_20181011-092015.jpg,chanh,3
color_20181011-092246.jpg,chanh,3
color_20181011-091925.jpg,chanh,3
color_20181011-091742.jpg,chanh,3
color_20181011-092009.jpg,chanh,3
color_20181011-092124.jpg,chanh,3
color_20181011-092223.jpg,chanh,3
color_20181011-091830.jpg,chanh,3
color_20181011-092252.jpg,chanh,3
color_20181011-092003.jpg,chanh,3
color_20181011-092108.jpg,chanh,3
color_20181011-091919.jpg,chanh,3
color_20181011-091914.jpg,chanh,3
color_20181011-091734.jpg,chanh,3
color_20181011-091908.jpg,chanh,3
color_20181011-091820.jpg,chanh,3
color_20181011-091748.jpg,chanh,3
color_20181011-092249.jpg,chanh,3
color_20181011-091959.jpg,chanh,3
color_20181011-092023.jpg,chanh,3
color_20181011-091904.jpg,chanh,3
color_20181011-092155.jpg,chanh,3
color_20181011-092021.jpg,chanh,3
color_20181011-092106.jpg,chanh,3
color_20181011-092012.jpg,chanh,3
color_20181011-091808.jpg,chanh,3
color_20181011-092227.jpg,chanh,3
color_20181011-092231.jpg,chanh,3
color_20181011-091804.jpg,chanh,3
color_20181011-091729.jpg,chanh,3
color_20181011-092148.jpg,chanh,3
color_20181011-091722.jpg,chanh,3
color_20181011-091754.jpg,chanh,3
color_20181011-092200.jpg,chanh,3
color_20181011-091841.jpg,chanh,3
color_20181011-092241.jpg,chanh,3
color_20181011-091931.jpg,chanh,3
color_20181011-092159.jpg,chanh,3
color_20181011-092103.jpg,chanh,3
color_20181011-092235.jpg,chanh,3
color_20181011-091927.jpg,chanh,3
color_20181011-091859.jpg,chanh,3
color_20181011-092220.jpg,chanh,3
color_20181011-091738.jpg,chanh,3
color_20181011-092018.jpg,chanh,3
color_20181011-091752.jpg,chanh,3
color_20181011-092214.jpg,chanh,3
color_20181011-092238.jpg,chanh,3
color_20181010-165232.jpg,drthanh,4
color_20181010-165321.jpg,drthanh,4
color_20181010-165150.jpg,drthanh,4
color_20181010-165007.jpg,drthanh,4
color_20181010-165226.jpg,drthanh,4
color_20181010-165235.jpg,drthanh,4
color_20181010-165131.jpg,drthanh,4
color_20181010-165104.jpg,drthanh,4
color_20181010-165353.jpg,drthanh,4
color_20181010-165110.jpg,drthanh,4
color_20181010-165333.jpg,drthanh,4
color_20181010-165128.jpg,drthanh,4
color_20181010-165010.jpg,drthanh,4
color_20181010-165034.jpg,drthanh,4
color_20181010-165019.jpg,drthanh,4
color_20181010-165125.jpg,drthanh,4
color_20181010-165119.jpg,drthanh,4
color_20181010-165344.jpg,drthanh,4
color_20181010-165327.jpg,drthanh,4
color_20181010-165330.jpg,drthanh,4
color_20181010-165200.jpg,drthanh,4
color_20181010-165413.jpg,drthanh,4
color_20181010-165107.jpg,drthanh,4
color_20181010-165137.jpg,drthanh,4
color_20181010-165340.jpg,drthanh,4
color_20181010-165013.jpg,drthanh,4
color_20181010-165318.jpg,drthanh,4
color_20181010-165341.jpg,drthanh,4
color_20181010-165350.jpg,drthanh,4
color_20181010-165410.jpg,drthanh,4
color_20181010-165022.jpg,drthanh,4
color_20181010-165158.jpg,drthanh,4
color_20181010-165031.jpg,drthanh,4
color_20181010-165224.jpg,drthanh,4
color_20181010-165424.jpg,drthanh,4
color_20181010-165244.jpg,drthanh,4
color_20181010-165426.jpg,drthanh,4
color_20181010-165221.jpg,drthanh,4
color_20181010-165217.jpg,drthanh,4
color_20181010-165025.jpg,drthanh,4
color_20181010-165122.jpg,drthanh,4
color_20181010-165116.jpg,drthanh,4
color_20181010-165028.jpg,drthanh,4
color_20181010-164957.jpg,drthanh,4
color_20181010-165203.jpg,drthanh,4
color_20181010-165229.jpg,drthanh,4
color_20181010-165421.jpg,drthanh,4
color_20181010-165416.jpg,drthanh,4
color_20181010-165016.jpg,drthanh,4
color_20181010-165155.jpg,drthanh,4
color_20181010-165324.jpg,drthanh,4
color_20181010-165153.jpg,drthanh,4
color_20181010-165347.jpg,drthanh,4
color_20181010-165247.jpg,drthanh,4
color_20181010-165419.jpg,drthanh,4
color_20181010-165113.jpg,drthanh,4
color_20181010-165004.jpg,drthanh,4
color_20181010-165406.jpg,drthanh,4
color_20181010-165336.jpg,drthanh,4
color_20181010-165338.jpg,drthanh,4
color_20181010-165134.jpg,drthanh,4
color_20181010-165001.jpg,drthanh,4
color_20181011-094311.jpg,fuzetea,5
color_20181011-094322.jpg,fuzetea,5
color_20181011-094513.jpg,fuzetea,5
color_20181011-094456.jpg,fuzetea,5
color_20181011-094454.jpg,fuzetea,5
color_20181011-094440.jpg,fuzetea,5
color_20181011-094508.jpg,fuzetea,5
color_20181011-094333.jpg,fuzetea,5
color_20181011-094352.jpg,fuzetea,5
color_20181011-094424.jpg,fuzetea,5
color_20181011-094347.jpg,fuzetea,5
color_20181011-094330.jpg,fuzetea,5
color_20181011-094427.jpg,fuzetea,5
color_20181011-094501.jpg,fuzetea,5
color_20181011-094438.jpg,fuzetea,5
color_20181011-094525.jpg,fuzetea,5
color_20181011-094343.jpg,fuzetea,5
color_20181011-094320.jpg,fuzetea,5
color_20181011-094416.jpg,fuzetea,5
color_20181011-094451.jpg,fuzetea,5
color_20181011-094327.jpg,fuzetea,5
color_20181011-094405.jpg,fuzetea,5
color_20181011-094340.jpg,fuzetea,5
color_20181011-094411.jpg,fuzetea,5
color_20181011-094429.jpg,fuzetea,5
color_20181011-094433.jpg,fuzetea,5
color_20181011-094317.jpg,fuzetea,5
color_20181011-094422.jpg,fuzetea,5
color_20181011-094337.jpg,fuzetea,5
color_20181011-094419.jpg,fuzetea,5
color_20181011-094325.jpg,fuzetea,5
color_20181011-094515.jpg,fuzetea,5
color_20181011-094314.jpg,fuzetea,5
color_20181011-094505.jpg,fuzetea,5
color_20181011-094523.jpg,fuzetea,5
color_20181011-094449.jpg,fuzetea,5
color_20181011-094408.jpg,fuzetea,5
color_20181011-094413.jpg,fuzetea,5
color_20181011-094402.jpg,fuzetea,5
color_20181011-094459.jpg,fuzetea,5
color_20181011-094510.jpg,fuzetea,5
color_20181011-094518.jpg,fuzetea,5
color_20181011-094350.jpg,fuzetea,5
color_20181011-094345.jpg,fuzetea,5
color_20181011-094521.jpg,fuzetea,5
color_20181011-094503.jpg,fuzetea,5
color_20181011-094435.jpg,fuzetea,5
color_20181010-153347.jpg,lavie,6
color_20181010-153050.jpg,lavie,6
color_20181010-153541.jpg,lavie,6
color_20181010-153716.jpg,lavie,6
color_20181010-153542.jpg,lavie,6
color_20181010-153604.jpg,lavie,6
color_20181010-153820.jpg,lavie,6
color_20181010-153417.jpg,lavie,6
color_20181010-153108.jpg,lavie,6
color_20181010-153543.jpg,lavie,6
color_20181010-153752.jpg,lavie,6
color_20181010-153553.jpg,lavie,6
color_20181010-153402.jpg,lavie,6
color_20181010-153423.jpg,lavie,6
color_20181010-153436.jpg,lavie,6
color_20181010-153102.jpg,lavie,6
color_20181010-153717.jpg,lavie,6
color_20181010-153356.jpg,lavie,6
color_20181010-153056.jpg,lavie,6
color_20181010-153753.jpg,lavie,6
color_20181010-153606.jpg,lavie,6
color_20181010-153723.jpg,lavie,6
color_20181010-153726.jpg,lavie,6
color_20181010-153310.jpg,lavie,6
color_20181010-153654.jpg,lavie,6
color_20181010-153445.jpg,lavie,6
color_20181010-153556.jpg,lavie,6
color_20181010-153034.jpg,lavie,6
color_20181010-153419.jpg,lavie,6
color_20181010-153545.jpg,lavie,6
color_20181010-153659.jpg,lavie,6
color_20181010-153031.jpg,lavie,6
color_20181010-153731.jpg,lavie,6
color_20181010-153818.jpg,lavie,6
color_20181010-153608.jpg,lavie,6
color_20181010-153345.jpg,lavie,6
color_20181010-153354.jpg,lavie,6
color_20181010-153538.jpg,lavie,6
color_20181010-153506.jpg,lavie,6
color_20181010-153724.jpg,lavie,6
color_20181010-153548.jpg,lavie,6
color_20181010-153307.jpg,lavie,6
color_20181010-153439.jpg,lavie,6
color_20181010-153755.jpg,lavie,6
color_20181010-153549.jpg,lavie,6
color_20181010-153707.jpg,lavie,6
color_20181010-153732.jpg,lavie,6
color_20181010-153123.jpg,lavie,6
color_20181010-153546.jpg,lavie,6
color_20181010-153747.jpg,lavie,6
color_20181010-153733.jpg,lavie,6
color_20181010-153643.jpg,lavie,6
color_20181010-153301.jpg,lavie,6
color_20181010-153646.jpg,lavie,6
color_20181010-153526.jpg,lavie,6
color_20181010-153016.jpg,lavie,6
color_20181010-153656.jpg,lavie,6
color_20181010-153524.jpg,lavie,6
color_20181010-153609.jpg,lavie,6
color_20181010-153448.jpg,lavie,6
color_20181010-153711.jpg,lavie,6
color_20181010-153537.jpg,lavie,6
color_20181010-153600.jpg,lavie,6
color_20181010-153359.jpg,lavie,6
color_20181010-153316.jpg,lavie,6
color_20181010-153817.jpg,lavie,6
color_20181010-153637.jpg,lavie,6
color_20181010-153059.jpg,lavie,6
color_20181010-153532.jpg,lavie,6
color_20181010-153714.jpg,lavie,6
color_20181010-153304.jpg,lavie,6
color_20181010-153638.jpg,lavie,6
color_20181010-153013.jpg,lavie,6
color_20181010-153558.jpg,lavie,6
color_20181010-153658.jpg,lavie,6
color_20181010-153713.jpg,lavie,6
color_20181010-153351.jpg,lavie,6
color_20181010-153710.jpg,lavie,6
color_20181010-153503.jpg,lavie,6
color_20181010-153053.jpg,lavie,6
color_20181010-153554.jpg,lavie,6
color_20181010-153728.jpg,lavie,6
color_20181010-153822.jpg,lavie,6
color_20181010-153350.jpg,lavie,6
color_20181010-153729.jpg,lavie,6
color_20181010-153644.jpg,lavie,6
color_20181010-153511.jpg,lavie,6
color_20181010-153523.jpg,lavie,6
color_20181010-153531.jpg,lavie,6
color_20181010-153551.jpg,lavie,6
color_20181010-153111.jpg,lavie,6
color_20181010-153117.jpg,lavie,6
color_20181010-153258.jpg,lavie,6
color_20181010-153704.jpg,lavie,6
color_20181010-153605.jpg,lavie,6
color_20181010-153655.jpg,lavie,6
color_20181010-153657.jpg,lavie,6
color_20181010-153528.jpg,lavie,6
color_20181010-153754.jpg,lavie,6
color_20181010-153442.jpg,lavie,6
color_20181010-153114.jpg,lavie,6
color_20181010-153721.jpg,lavie,6
color_20181010-153322.jpg,lavie,6
color_20181010-153741.jpg,lavie,6
color_20181010-153433.jpg,lavie,6
color_20181010-153709.jpg,lavie,6
color_20181010-170141.jpg,moutaindew,7
color_20181010-170352.jpg,moutaindew,7
color_20181010-170501.jpg,moutaindew,7
color_20181010-170220.jpg,moutaindew,7
color_20181010-170233.jpg,moutaindew,7
color_20181010-170234.jpg,moutaindew,7
color_20181010-170614.jpg,moutaindew,7
color_20181010-170236.jpg,moutaindew,7
color_20181010-170343.jpg,moutaindew,7
color_20181010-170322.jpg,moutaindew,7
color_20181010-170218.jpg,moutaindew,7
color_20181010-170320.jpg,moutaindew,7
color_20181010-170513.jpg,moutaindew,7
color_20181010-170351.jpg,moutaindew,7
color_20181010-170357.jpg,moutaindew,7
color_20181010-170253.jpg,moutaindew,7
color_20181010-170645.jpg,moutaindew,7
color_20181010-170502.jpg,moutaindew,7
color_20181010-170408.jpg,moutaindew,7
color_20181010-170254.jpg,moutaindew,7
color_20181010-170353.jpg,moutaindew,7
color_20181010-170411.jpg,moutaindew,7
color_20181010-170300.jpg,moutaindew,7
color_20181010-170244.jpg,moutaindew,7
color_20181010-170335.jpg,moutaindew,7
color_20181010-170452.jpg,moutaindew,7
color_20181010-170409.jpg,moutaindew,7
color_20181010-170258.jpg,moutaindew,7
color_20181010-170235.jpg,moutaindew,7
color_20181010-170257.jpg,moutaindew,7
color_20181010-170345.jpg,moutaindew,7
color_20181010-170631.jpg,moutaindew,7
color_20181010-170210.jpg,moutaindew,7
color_20181010-170605.jpg,moutaindew,7
color_20181010-170250.jpg,moutaindew,7
color_20181010-170338.jpg,moutaindew,7
color_20181010-170624.jpg,moutaindew,7
color_20181010-170251.jpg,moutaindew,7
color_20181010-170407.jpg,moutaindew,7
color_20181010-170435.jpg,moutaindew,7
color_20181010-170332.jpg,moutaindew,7
color_20181010-170321.jpg,moutaindew,7
color_20181010-170627.jpg,moutaindew,7
color_20181010-170412.jpg,moutaindew,7
color_20181010-170324.jpg,moutaindew,7
color_20181010-170306.jpg,moutaindew,7
color_20181010-170649.jpg,moutaindew,7
color_20181010-170255.jpg,moutaindew,7
color_20181010-170615.jpg,moutaindew,7
color_20181010-170603.jpg,moutaindew,7
color_20181010-170512.jpg,moutaindew,7
color_20181010-170201.jpg,moutaindew,7
color_20181010-170229.jpg,moutaindew,7
color_20181010-170612.jpg,moutaindew,7
color_20181010-170504.jpg,moutaindew,7
color_20181010-170337.jpg,moutaindew,7
color_20181010-170516.jpg,moutaindew,7
color_20181010-170221.jpg,moutaindew,7
color_20181010-170456.jpg,moutaindew,7
color_20181010-170216.jpg,moutaindew,7
color_20181010-170237.jpg,moutaindew,7
color_20181010-170256.jpg,moutaindew,7
color_20181010-170204.jpg,moutaindew,7
color_20181010-170514.jpg,moutaindew,7
color_20181010-170252.jpg,moutaindew,7
color_20181010-170307.jpg,moutaindew,7
color_20181010-170227.jpg,moutaindew,7
color_20181010-170347.jpg,moutaindew,7
color_20181010-170336.jpg,moutaindew,7
color_20181010-170301.jpg,moutaindew,7
color_20181010-170144.jpg,moutaindew,7
color_20181010-170441.jpg,moutaindew,7
color_20181010-170219.jpg,moutaindew,7
color_20181010-170354.jpg,moutaindew,7
color_20181010-170317.jpg,moutaindew,7
color_20181010-170448.jpg,moutaindew,7
color_20181010-170647.jpg,moutaindew,7
color_20181010-170626.jpg,moutaindew,7
color_20181010-170323.jpg,moutaindew,7
color_20181010-170644.jpg,moutaindew,7
color_20181010-170642.jpg,moutaindew,7
color_20181010-170518.jpg,moutaindew,7
color_20181010-170342.jpg,moutaindew,7
color_20181010-170333.jpg,moutaindew,7
color_20181010-170349.jpg,moutaindew,7
color_20181010-170238.jpg,moutaindew,7
color_20181010-170433.jpg,moutaindew,7
color_20181010-170309.jpg,moutaindew,7
color_20181010-170628.jpg,moutaindew,7
color_20181010-170348.jpg,moutaindew,7
color_20181010-170206.jpg,moutaindew,7
color_20181010-170625.jpg,moutaindew,7
color_20181010-170308.jpg,moutaindew,7
color_20181010-170344.jpg,moutaindew,7
color_20181010-170505.jpg,moutaindew,7
color_20181011-092524.jpg,olong,8
color_20181011-092411.jpg,olong,8
color_20181011-092548.jpg,olong,8
color_20181011-092519.jpg,olong,8
color_20181011-092430.jpg,olong,8
color_20181011-092616.jpg,olong,8
color_20181011-092419.jpg,olong,8
color_20181011-092655.jpg,olong,8
color_20181011-092534.jpg,olong,8
color_20181011-092703.jpg,olong,8
color_20181011-092423.jpg,olong,8
color_20181011-092620.jpg,olong,8
color_20181011-092652.jpg,olong,8
color_20181011-092452.jpg,olong,8
color_20181011-092526.jpg,olong,8
color_20181011-092645.jpg,olong,8
color_20181011-092458.jpg,olong,8
color_20181011-092415.jpg,olong,8
color_20181011-092455.jpg,olong,8
color_20181011-092642.jpg,olong,8
color_20181011-092541.jpg,olong,8
color_20181011-092434.jpg,olong,8
color_20181011-092536.jpg,olong,8
color_20181011-092522.jpg,olong,8
color_20181011-092405.jpg,olong,8
color_20181011-092639.jpg,olong,8
color_20181011-092623.jpg,olong,8
color_20181011-092531.jpg,olong,8
color_20181011-092637.jpg,olong,8
color_20181011-092516.jpg,olong,8
color_20181011-092438.jpg,olong,8
color_20181011-092401.jpg,olong,8
color_20181011-092513.jpg,olong,8
color_20181011-092648.jpg,olong,8
color_20181011-092504.jpg,olong,8
color_20181011-092626.jpg,olong,8
color_20181011-092701.jpg,olong,8
color_20181011-092657.jpg,olong,8
color_20181011-092426.jpg,olong,8
color_20181011-092629.jpg,olong,8
color_20181011-092529.jpg,olong,8
color_20181011-092502.jpg,olong,8
color_20181011-092631.jpg,olong,8
color_20181011-092544.jpg,olong,8
color_20181011-092538.jpg,olong,8
color_20181011-092506.jpg,olong,8
color_20181011-092546.jpg,olong,8
color_20181011-092634.jpg,olong,8
color_20181010-105941.jpg,ovaltine,9
color_20181010-111022.jpg,ovaltine,9
color_20181010-110710.jpg,ovaltine,9
color_20181010-111034.jpg,ovaltine,9
color_20181010-105711.jpg,ovaltine,9
color_20181010-105432.jpg,ovaltine,9
color_20181010-110508.jpg,ovaltine,9
color_20181010-110619.jpg,ovaltine,9
color_20181010-110053.jpg,ovaltine,9
color_20181010-110803.jpg,ovaltine,9
color_20181010-111028.jpg,ovaltine,9
20181010-105133_image.jpg,ovaltine,9
color_20181010-105410.jpg,ovaltine,9
color_20181010-105348.jpg,ovaltine,9
color_20181010-110741.jpg,ovaltine,9
color_20181010-111019.jpg,ovaltine,9
color_20181010-110047.jpg,ovaltine,9
color_20181010-110800.jpg,ovaltine,9
color_20181010-110705.jpg,ovaltine,9
color_20181010-110101.jpg,ovaltine,9
color_20181010-105830.jpg,ovaltine,9
color_20181010-110022.jpg,ovaltine,9
color_20181010-105600.jpg,ovaltine,9
color_20181010-105947.jpg,ovaltine,9
color_20181010-105429.jpg,ovaltine,9
color_20181010-110502.jpg,ovaltine,9
color_20181010-110010.jpg,ovaltine,9
color_20181010-110521.jpg,ovaltine,9
color_20181010-110624.jpg,ovaltine,9
color_20181010-110755.jpg,ovaltine,9
color_20181010-105426.jpg,ovaltine,9
color_20181010-110736.jpg,ovaltine,9
color_20181010-105849.jpg,ovaltine,9
color_20181010-110105.jpg,ovaltine,9
color_20181010-105920.jpg,ovaltine,9
color_20181010-105934.jpg,ovaltine,9
color_20181010-110952.jpg,ovaltine,9
color_20181010-105406.jpg,ovaltine,9
color_20181010-110007.jpg,ovaltine,9
color_20181010-111032.jpg,ovaltine,9
color_20181010-110306.jpg,ovaltine,9
color_20181010-105615.jpg,ovaltine,9
color_20181010-110320.jpg,ovaltine,9
20181010-105159_image.jpg,ovaltine,9
color_20181010-110600.jpg,ovaltine,9
color_20181010-110223.jpg,ovaltine,9
color_20181010-111024.jpg,ovaltine,9
color_20181010-105609.jpg,ovaltine,9
color_20181010-105842.jpg,ovaltine,9
20181010-105212_image.jpg,ovaltine,9
color_20181010-105550.jpg,ovaltine,9
color_20181010-105351.jpg,ovaltine,9
color_20181010-110748.jpg,ovaltine,9
color_20181010-110614.jpg,ovaltine,9
color_20181010-110455.jpg,ovaltine,9
color_20181010-105557.jpg,ovaltine,9
color_20181010-105959.jpg,ovaltine,9
color_20181010-110041.jpg,ovaltine,9
color_20181010-105606.jpg,ovaltine,9
color_20181010-111011.jpg,ovaltine,9
20181010-105147_image.jpg,ovaltine,9
20181010-105009_image.jpg,ovaltine,9
color_20181010-110253.jpg,ovaltine,9
color_20181010-105400.jpg,ovaltine,9
color_20181010-110300.jpg,ovaltine,9
color_20181010-105649.jpg,ovaltine,9
color_20181010-105929.jpg,ovaltine,9
color_20181010-105720.jpg,ovaltine,9
color_20181010-110629.jpg,ovaltine,9
color_20181010-111017.jpg,ovaltine,9
color_20181010-110944.jpg,ovaltine,9
color_20181010-110309.jpg,ovaltine,9
20181010-105043_image.jpg,ovaltine,9
color_20181010-110042.jpg,ovaltine,9
color_20181010-110233.jpg,ovaltine,9
color_20181010-105953.jpg,ovaltine,9
color_20181010-110723.jpg,ovaltine,9
color_20181010-110029.jpg,ovaltine,9
color_20181010-105835.jpg,ovaltine,9
color_20181010-110241.jpg,ovaltine,9
color_20181010-110015.jpg,ovaltine,9
color_20181010-110948.jpg,ovaltine,9
color_20181010-110056.jpg,ovaltine,9
color_20181010-110811.jpg,ovaltine,9
color_20181010-110244.jpg,ovaltine,9
color_20181010-105553.jpg,ovaltine,9
color_20181010-110513.jpg,ovaltine,9
color_20181010-111003.jpg,ovaltine,9
color_20181010-110807.jpg,ovaltine,9
20181010-105032_image.jpg,ovaltine,9
color_20181010-110100.jpg,ovaltine,9
color_20181010-111037.jpg,ovaltine,9
color_20181010-105439.jpg,ovaltine,9
color_20181010-110956.jpg,ovaltine,9
20181010-105108_image.jpg,ovaltine,9
color_20181010-110252.jpg,ovaltine,9
color_20181010-110730.jpg,ovaltine,9
color_20181010-110608.jpg,ovaltine,9
color_20181010-110026.jpg,ovaltine,9
color_20181010-105612.jpg,ovaltine,9
color_20181010-161848.jpg,soda,10
color_20181010-162001.jpg,soda,10
color_20181010-162005.jpg,soda,10
color_20181010-161719.jpg,soda,10
color_20181010-161846.jpg,soda,10
color_20181010-161918.jpg,soda,10
color_20181010-161714.jpg,soda,10
color_20181010-161649.jpg,soda,10
color_20181010-161727.jpg,soda,10
color_20181010-162004.jpg,soda,10
color_20181010-161914.jpg,soda,10
color_20181010-161904.jpg,soda,10
color_20181010-161731.jpg,soda,10
color_20181010-161656.jpg,soda,10
color_20181010-161805.jpg,soda,10
color_20181010-161751.jpg,soda,10
color_20181010-162002.jpg,soda,10
color_20181010-161744.jpg,soda,10
color_20181010-161908.jpg,soda,10
color_20181010-162056.jpg,soda,10
color_20181010-161711.jpg,soda,10
color_20181010-161733.jpg,soda,10
color_20181010-162007.jpg,soda,10
color_20181010-161817.jpg,soda,10
color_20181010-161822.jpg,soda,10
color_20181010-161741.jpg,soda,10
color_20181010-161825.jpg,soda,10
color_20181010-161955.jpg,soda,10
color_20181010-162053.jpg,soda,10
color_20181010-161920.jpg,soda,10
color_20181010-162104.jpg,soda,10
color_20181010-161713.jpg,soda,10
color_20181010-162012.jpg,soda,10
color_20181010-161652.jpg,soda,10
color_20181010-161928.jpg,soda,10
color_20181010-161701.jpg,soda,10
color_20181010-161803.jpg,soda,10
color_20181010-161705.jpg,soda,10
color_20181010-162051.jpg,soda,10
color_20181010-161925.jpg,soda,10
color_20181010-161730.jpg,soda,10
color_20181010-161902.jpg,soda,10
color_20181010-161659.jpg,soda,10
color_20181010-161738.jpg,soda,10
color_20181010-161924.jpg,soda,10
color_20181010-162008.jpg,soda,10
color_20181010-161921.jpg,soda,10
color_20181010-161953.jpg,soda,10
color_20181010-162011.jpg,soda,10
color_20181010-162134.jpg,soda,10
color_20181010-161826.jpg,soda,10
color_20181010-162059.jpg,soda,10
color_20181010-161743.jpg,soda,10
color_20181010-161915.jpg,soda,10
color_20181010-161828.jpg,soda,10
color_20181010-161905.jpg,soda,10
color_20181010-161847.jpg,soda,10
color_20181010-161717.jpg,soda,10
color_20181010-161917.jpg,soda,10
color_20181010-162017.jpg,soda,10
color_20181010-161721.jpg,soda,10
color_20181010-161844.jpg,soda,10
color_20181010-161753.jpg,soda,10
color_20181010-161909.jpg,soda,10
color_20181010-161647.jpg,soda,10
color_20181010-161819.jpg,soda,10
color_20181010-161643.jpg,soda,10
color_20181010-162103.jpg,soda,10
color_20181010-161957.jpg,soda,10
color_20181010-161824.jpg,soda,10
color_20181010-162058.jpg,soda,10
color_20181010-162054.jpg,soda,10
color_20181010-162015.jpg,soda,10
color_20181010-161654.jpg,soda,10
color_20181010-161927.jpg,soda,10
color_20181010-162014.jpg,soda,10
color_20181010-161712.jpg,soda,10
color_20181010-161906.jpg,soda,10
color_20181010-161739.jpg,soda,10
color_20181010-161911.jpg,soda,10
color_20181010-161820.jpg,soda,10
color_20181010-161808.jpg,soda,10
color_20181010-162126.jpg,soda,10
color_20181010-161916.jpg,soda,10
color_20181010-162133.jpg,soda,10
color_20181010-161841.jpg,soda,10
color_20181010-161716.jpg,soda,10
color_20181010-161734.jpg,soda,10
color_20181010-161703.jpg,soda,10
color_20181010-161907.jpg,soda,10
color_20181010-161742.jpg,soda,10
color_20181010-161834.jpg,soda,10
color_20181010-161740.jpg,soda,10
color_20181010-161707.jpg,soda,10
color_20181010-161842.jpg,soda,10
color_20181010-161832.jpg,soda,10
color_20181010-162128.jpg,soda,10
color_20181010-161840.jpg,soda,10
color_20181010-161801.jpg,soda,10
color_20181010-162115.jpg,soda,10
color_20181010-161919.jpg,soda,10
color_20181010-162013.jpg,soda,10
color_20181010-161752.jpg,soda,10
color_20181010-161750.jpg,soda,10
